command,mean,stddev,median,user,system,min,max
boogie sWildcard.bpl,0.9050508072500001,0.03199501514892675,0.9091773215500001,0.892788925,0.044426614999999996,0.8623777285500001,0.9526618785500001
boogie new.bpl,0.9030779760500002,0.03044639924488241,0.8884449770500001,0.889243825,0.048452615,0.8627349155500001,0.9434732905500001
boogie old.bpl,0.21052492496666664,0.017876667013454233,0.20555183655,0.19429015833333332,0.019944465,0.17857463255,0.24333391155
