command,mean,stddev,median,user,system,min,max
boogie sWildcard.bpl,0.8998575574850001,0.11261787669776793,0.8217013328850001,0.891869575,0.037939654999999996,0.8165952038850001,1.0533773048850001
boogie new.bpl,0.872102754085,0.09475437621529291,0.8536931568850001,0.8703063749999999,0.040941254999999996,0.7940361638850001,1.030570493885
boogie old.bpl,0.172102910685,0.0010459385715359695,0.172231615885,0.16487657499999997,0.011278855,0.170429546885,0.173309413885
