command,mean,stddev,median,user,system,min,max
boogie sWildcard.bpl,1.317774129735,0.05792945005093559,1.3123998726350001,1.3028265849999998,0.06814068499999999,1.2424278191350002,1.4264484241350002
boogie new.bpl,2.290436942435,0.05414930075890553,2.2912350411349998,2.2730385849999992,0.08721028499999998,2.1888378941349997,2.3676374661349997
boogie old.bpl,1.229831999135,0.03420671070070183,1.2354375801350002,1.215608385,0.06581548499999999,1.184841225135,1.278782094135
