command,mean,stddev,median,user,system,min,max
boogie sWildcard.bpl,1.11981519683,0.01001904588291895,1.11498162543,1.1082190950000002,0.06429863,1.11031508143,1.13160483343
boogie new.bpl,2.1347298824300003,0.10281559731475297,2.15336558743,2.1225966950000004,0.08622083,2.00606116043,2.27551128343
boogie old.bpl,1.2134942448300001,0.050539780962914845,1.2377915964300001,1.1993958949999999,0.06939482999999999,1.14579268043,1.25562170943
